6,0,0,0,0,0,0,0,0,0,0,0,0,0,0,0,0,0,0,0,0,0,0,0,0,0,0,0,0,0,0,0,0,0,0,0,0,0,0,0,0,0,0,0.8078307509422302,0.8260207772254944,0.7974399328231812,0.7497534155845642,0.7756990194320679,0.6899135708808899,0.7713561058044434,0.6324595808982849,0.781356930732727,0.5917559862136841,0.7287192344665527,0.7098954319953918,0.6622357964515686,0.6838734149932861,0.6262258291244507,0.6708511114120483,0.5977402925491333,0.6620793342590332,0.710242748260498,0.7557979226112366,0.6589248180389404,0.7220150232315063,0.6778594851493835,0.717214822769165,0.7037433981895447,0.723634660243988,0.7023190259933472,0.7976639270782471,0.6693501472473145,0.759928286075592,0.6879128217697144,0.7588836550712585,0.707422137260437,0.7696881890296936,0.6979516744613647,0.8300883769989014,0.6773844957351685,0.7941018342971802,0.694109320640564,0.7938786745071411,0.7095768451690674,0.8040904998779297,0.4798370897769928,0.469296395778656,0.5011719465255737,0.4202568233013153,0.5142231583595276,0.42072802782058716,0.5279718041419983,0.4218181371688843,0.45722922682762146,0.42198148369789124,0.44185304641723633,0.42324841022491455,0.4275031089782715,0.4243755042552948,0.5497724413871765,0.44941651821136475,0.40911951661109924,0.45369523763656616,0.5084421038627625,0.5243657231330872,0.4514392912387848,0.528192937374115
6,0,0,0,0,0,0,0,0,0,0,0,0,0,0,0,0,0,0,0,0,0,0,0,0,0,0,0,0,0,0,0,0,0,0,0,0,0,0,0,0,0,0,0.8172070384025574,0.8236672282218933,0.8095502257347107,0.7510146498680115,0.7889455556869507,0.6887576580047607,0.7806742191314697,0.6337661743164062,0.7886790633201599,0.597847580909729,0.7426892518997192,0.7128587365150452,0.6791501641273499,0.6855054497718811,0.6427044868469238,0.6696652173995972,0.6133276224136353,0.6605786681175232,0.7245510816574097,0.7577172517776489,0.6716966032981873,0.7246001362800598,0.6912033557891846,0.7187488675117493,0.7169075608253479,0.7259949445724487,0.7163224220275879,0.7986865043640137,0.6800488829612732,0.762122392654419,0.6982483267784119,0.7582622170448303,0.7177745699882507,0.7679224610328674,0.7115145921707153,0.8307996988296509,0.6877215504646301,0.7942125797271729,0.7042691111564636,0.7923570871353149,0.7194725871086121,0.8020210266113281,0.4831326901912689,0.4721359312534332,0.5035902857780457,0.4228302240371704,0.51634681224823,0.42407697439193726,0.5307122468948364,0.42598772048950195,0.4594348967075348,0.4236689507961273,0.443420946598053,0.4249705672264099,0.4294714033603668,0.42619115114212036,0.5519367456436157,0.4539591372013092,0.40913644433021545,0.4564833343029022,0.5112624168395996,0.5292333364486694,0.45343708992004395,0.5320074558258057
6,0,0,0,0,0,0,0,0,0,0,0,0,0,0,0,0,0,0,0,0,0,0,0,0,0,0,0,0,0,0,0,0,0,0,0,0,0,0,0,0,0,0,0.8120781779289246,0.8196953535079956,0.801209032535553,0.7460600733757019,0.7794820070266724,0.6846325993537903,0.7708918452262878,0.6300751566886902,0.7748613953590393,0.593529999256134,0.7348929643630981,0.7077081799507141,0.6701940298080444,0.684427797794342,0.6345603466033936,0.6733058094978333,0.6060346961021423,0.6677011847496033,0.7165849804878235,0.7542052268981934,0.6615222692489624,0.7214335203170776,0.6805705428123474,0.7143917083740234,0.7070678472518921,0.7199453711509705,0.7080414295196533,0.7955549955368042,0.6721173524856567,0.7588025331497192,0.690528929233551,0.7551669478416443,0.7100414633750916,0.7644537687301636,0.7029793858528137,0.8271805644035339,0.6813772916793823,0.790661096572876,0.6977359056472778,0.7878137826919556,0.7127551436424255,0.7967633008956909,0.48509469628334045,0.47752851247787476,0.5058553814888,0.4275283217430115,0.5189392566680908,0.4293007254600525,0.5332713723182678,0.4314957559108734,0.4618765711784363,0.42739683389663696,0.44557398557662964,0.42855316400527954,0.43149369955062866,0.42994457483291626,0.5532768368721008,0.4559124708175659,0.4105849266052246,0.459873765707016,0.512532114982605,0.5346878170967102,0.4550975263118744,0.5365098714828491
6,0,0,0,0,0,0,0,0,0,0,0,0,0,0,0,0,0,0,0,0,0,0,0,0,0,0,0,0,0,0,0,0,0,0,0,0,0,0,0,0,0,0,0.813969612121582,0.8221624493598938,0.8052830696105957,0.748367190361023,0.7820966243743896,0.6848587393760681,0.7674650549888611,0.6321597099304199,0.7648850679397583,0.6002294421195984,0.7335000038146973,0.7082975506782532,0.6698092818260193,0.683963418006897,0.635492205619812,0.672276496887207,0.6077185869216919,0.6652090549468994,0.7166396975517273,0.7549995183944702,0.6644734144210815,0.7226204872131348,0.6830223202705383,0.7157931327819824,0.7088060975074768,0.7208034992218018,0.7095469832420349,0.7959760427474976,0.6753116846084595,0.7605593204498291,0.6932927966117859,0.7570483684539795,0.7130154371261597,0.7658995985984802,0.7057234644889832,0.8285402655601501,0.6833388805389404,0.7936132550239563,0.6995269656181335,0.7916512489318848,0.7149405479431152,0.7997072339057922,0.48225370049476624,0.4768354296684265,0.5040501356124878,0.4272477328777313,0.5175523161888123,0.42917025089263916,0.5325465798377991,0.4314296841621399,0.459932804107666,0.4260760545730591,0.4438614249229431,0.4267192482948303,0.4302484393119812,0.42736369371414185,0.5535659790039062,0.4564049541950226,0.41024285554885864,0.45696961879730225,0.510036826133728,0.5337657332420349,0.45206698775291443,0.5349039435386658
6,0,0,0,0,0,0,0,0,0,0,0,0,0,0,0,0,0,0,0,0,0,0,0,0,0,0,0,0,0,0,0,0,0,0,0,0,0,0,0,0,0,0,0.8155732154846191,0.823557436466217,0.8074607849121094,0.7504787445068359,0.7869263291358948,0.6867759823799133,0.7756280303001404,0.6336709856987,0.7745622396469116,0.6009023189544678,0.7399029731750488,0.7093529105186462,0.6777840852737427,0.6850024461746216,0.6430826187133789,0.6725184917449951,0.615240216255188,0.6653689742088318,0.7229849696159363,0.7560096979141235,0.6676608920097351,0.7261754274368286,0.6853229999542236,0.7197878360748291,0.7110174298286438,0.7247823476791382,0.7156157493591309,0.7974451780319214,0.6782150864601135,0.7634604573249817,0.6957575082778931,0.7592032551765442,0.715035080909729,0.7669932842254639,0.7117229700088501,0.8302454352378845,0.6855688095092773,0.7952904105186462,0.7017625570297241,0.7930424809455872,0.7174134850502014,0.8005224466323853,0.4783450663089752,0.46841561794281006,0.5001009702682495,0.4183095395565033,0.5135849118232727,0.4188407361507416,0.5274776816368103,0.4196171462535858,0.4549696445465088,0.41976648569107056,0.43987613916397095,0.4210645854473114,0.42613378167152405,0.42192554473876953,0.5505021810531616,0.44708096981048584,0.4095084071159363,0.45193856954574585,0.5077642202377319,0.5249456763267517,0.4503396153450012,0.5279107093811035
6,0,0,0,0,0,0,0,0,0,0,0,0,0,0,0,0,0,0,0,0,0,0,0,0,0,0,0,0,0,0,0,0,0,0,0,0,0,0,0,0,0,0,0.8108201026916504,0.8267755508422852,0.8018342852592468,0.7523330450057983,0.7810645699501038,0.690269410610199,0.7731965780258179,0.6349725723266602,0.779150128364563,0.5955320596694946,0.7352334260940552,0.7125014066696167,0.6717909574508667,0.6894753575325012,0.6358643770217896,0.6779140830039978,0.6070570349693298,0.6711357235908508,0.7164807319641113,0.7584091424942017,0.6633746027946472,0.7278367280960083,0.6818486452102661,0.7213839888572693,0.7080416083335876,0.726883590221405,0.7082588076591492,0.7997297048568726,0.6733630299568176,0.7647982835769653,0.6910820007324219,0.7608146667480469,0.7104636430740356,0.7695515751838684,0.7034376263618469,0.83184814453125,0.6824504137039185,0.7964748740196228,0.69865483045578,0.7943177223205566,0.7136259078979492,0.8026431202888489,0.47636789083480835,0.4670742452144623,0.49747616052627563,0.4177643060684204,0.5106891393661499,0.41816088557243347,0.5231137871742249,0.4187188148498535,0.45339760184288025,0.4197111129760742,0.43845969438552856,0.42120561003685,0.42474499344825745,0.42246168851852417,0.5458391904830933,0.4454348385334015,0.4080675542354584,0.4519442617893219,0.5049194097518921,0.522649884223938,0.44865718483924866,0.526569664478302
6,0,0,0,0,0,0,0,0,0,0,0,0,0,0,0,0,0,0,0,0,0,0,0,0,0,0,0,0,0,0,0,0,0,0,0,0,0,0,0,0,0,0,0.8202958106994629,0.816363513469696,0.8110015988349915,0.7409478425979614,0.7863813638687134,0.678372323513031,0.7686998248100281,0.6295019388198853,0.7611232995986938,0.5955849289894104,0.7415745854377747,0.701851487159729,0.6780058145523071,0.6784073710441589,0.643291711807251,0.6679355502128601,0.6146341562271118,0.6630052328109741,0.7227883338928223,0.7485392689704895,0.668124794960022,0.7158234715461731,0.6849207878112793,0.7082741856575012,0.710452675819397,0.713722825050354,0.714880645275116,0.7883803844451904,0.6814013123512268,0.7532559633255005,0.6997193694114685,0.7492361664772034,0.719426691532135,0.7587961554527283,0.7105647325515747,0.8197518587112427,0.6902757287025452,0.7832713723182678,0.707179605960846,0.7805958986282349,0.7226629257202148,0.7876507639884949,0.4761180281639099,0.46342501044273376,0.4969295859336853,0.4150436818599701,0.5100778937339783,0.4152128994464874,0.5223709344863892,0.41542848944664,0.45429301261901855,0.41790592670440674,0.4396914541721344,0.41959330439567566,0.42645686864852905,0.42074745893478394,0.5452824234962463,0.44246089458465576,0.40964236855506897,0.44923871755599976,0.5047397613525391,0.519074559211731,0.4501625597476959,0.5227782726287842
6,0,0,0,0,0,0,0,0,0,0,0,0,0,0,0,0,0,0,0,0,0,0,0,0,0,0,0,0,0,0,0,0,0,0,0,0,0,0,0,0,0,0,0.8076726198196411,0.824143648147583,0.7985451221466064,0.749514639377594,0.7775967121124268,0.6879090666770935,0.7710259556770325,0.6320302486419678,0.7767093777656555,0.5933540463447571,0.7326677441596985,0.7088805437088013,0.6679338216781616,0.6886371374130249,0.6321882009506226,0.6783575415611267,0.6034149527549744,0.6717665791511536,0.7141560912132263,0.7547423839569092,0.6622288823127747,0.7251607775688171,0.6803021430969238,0.7207075953483582,0.7063166499137878,0.7266736030578613,0.7055290341377258,0.7962222099304199,0.6732276082038879,0.7620705962181091,0.6903897523880005,0.7610030770301819,0.7092118263244629,0.7708539366722107,0.6997737288475037,0.8283525705337524,0.6816530227661133,0.7928822636604309,0.6981232762336731,0.7930511832237244,0.7128934264183044,0.8026540875434875,0.47723454236984253,0.46325334906578064,0.4972356855869293,0.41415101289749146,0.5102125406265259,0.4141542315483093,0.5224066972732544,0.41423240303993225,0.4547867178916931,0.4177694022655487,0.4402316212654114,0.41969946026802063,0.4270951747894287,0.4211352467536926,0.5453482270240784,0.4413415789604187,0.4100479483604431,0.45039817690849304,0.5057926177978516,0.51851487159729,0.4516942501068115,0.5229989290237427
6,0,0,0,0,0,0,0,0,0,0,0,0,0,0,0,0,0,0,0,0,0,0,0,0,0,0,0,0,0,0,0,0,0,0,0,0,0,0,0,0,0,0,0.8138093948364258,0.8362192511558533,0.8090046644210815,0.7585682272911072,0.7920064330101013,0.6964821219444275,0.7895689606666565,0.638508141040802,0.8019163608551025,0.6004598140716553,0.7442655563354492,0.7155136466026306,0.6777939796447754,0.6938065886497498,0.6418843269348145,0.6844107508659363,0.612551748752594,0.6805145144462585,0.7213526368141174,0.7587074637413025,0.6768888831138611,0.7192320823669434,0.6944854855537415,0.7108488082885742,0.7178780436515808,0.7184968590736389,0.7098707556724548,0.7976977229118347,0.6829052567481995,0.7542871236801147,0.6991575956344604,0.7528228163719177,0.7167556285858154,0.765376091003418,0.7020794749259949,0.8258320093154907,0.6907114386558533,0.784587562084198,0.7063324451446533,0.7845264077186584,0.7202284932136536,0.7950443625450134,0.48011237382888794,0.46668437123298645,0.4995279312133789,0.41798388957977295,0.511976420879364,0.41843587160110474,0.5245501399040222,0.4194483757019043,0.45808640122413635,0.4204402267932892,0.4429604113101959,0.42205360531806946,0.4293583929538727,0.42350244522094727,0.5457582473754883,0.44677335023880005,0.4103904366493225,0.45406708121299744,0.5066086053848267,0.5228974223136902,0.4521983563899994,0.5267719626426697
6,0,0,0,0,0,0,0,0,0,0,0,0,0,0,0,0,0,0,0,0,0,0,0,0,0,0,0,0,0,0,0,0,0,0,0,0,0,0,0,0,0,0,0.8054996132850647,0.8344030976295471,0.7975399494171143,0.7577263116836548,0.7771613597869873,0.6992403268814087,0.7722502946853638,0.6416984796524048,0.7803480625152588,0.6017340421676636,0.7295845150947571,0.7146224975585938,0.6642996072769165,0.6948020458221436,0.6297337412834167,0.6874943375587463,0.6015984416007996,0.6836689114570618,0.710037350654602,0.7588807344436646,0.6648451685905457,0.7244496941566467,0.6831010580062866,0.7187867164611816,0.7073455452919006,0.7251771092414856,0.7012850642204285,0.7984331250190735,0.6743407845497131,0.7587035298347473,0.6915360689163208,0.7589752674102783,0.7095618844032288,0.7708799242973328,0.69499671459198,0.8274192214012146,0.6832439303398132,0.7898799180984497,0.6998358368873596,0.7912309169769287,0.7141281366348267,0.8008432388305664,0.4804283678531647,0.45986536145210266,0.5003947615623474,0.4117998778820038,0.5132623910903931,0.4118196666240692,0.5269452333450317,0.41201427578926086,0.457760751247406,0.4142853617668152,0.4424838423728943,0.41619378328323364,0.42852210998535156,0.4177871346473694,0.5497511029243469,0.4397124648094177,0.40943893790245056,0.4476529061794281,0.5089032053947449,0.515240490436554,0.4527432322502136,0.5199761986732483
6,0,0,0,0,0,0,0,0,0,0,0,0,0,0,0,0,0,0,0,0,0,0,0,0,0,0,0,0,0,0,0,0,0,0,0,0,0,0,0,0,0,0,0.8058297634124756,0.8235964179039001,0.7951082587242126,0.7505610585212708,0.7754030823707581,0.6928796768188477,0.7702463269233704,0.6352562308311462,0.7776972055435181,0.5943293571472168,0.7278252840042114,0.7069551348686218,0.6626490354537964,0.686667799949646,0.6283637285232544,0.6786543130874634,0.6001622676849365,0.6745739579200745,0.7079591751098633,0.7509082555770874,0.6640039086341858,0.7157104015350342,0.682608962059021,0.7093811631202698,0.7075266242027283,0.716274619102478,0.6997279524803162,0.7904148697853088,0.6737490296363831,0.7515771389007568,0.690933108329773,0.7508367300033569,0.7100050449371338,0.762364387512207,0.694134533405304,0.8201170563697815,0.6842235922813416,0.7832068800926208,0.7011445760726929,0.7839043140411377,0.7159504890441895,0.7932077050209045,0.4792264401912689,0.4584541916847229,0.4979574680328369,0.4106218218803406,0.510748028755188,0.41046765446662903,0.523626446723938,0.4103763997554779,0.4549959599971771,0.4140583574771881,0.4397938847541809,0.4163241982460022,0.4263431429862976,0.4183662533760071,0.5467821359634399,0.437214732170105,0.4086352288722992,0.44857457280158997,0.5085532665252686,0.5119225978851318,0.4542674422264099,0.5180143117904663
6,0,0,0,0,0,0,0,0,0,0,0,0,0,0,0,0,0,0,0,0,0,0,0,0,0,0,0,0,0,0,0,0,0,0,0,0,0,0,0,0,0,0,0.8251370787620544,0.8474403619766235,0.8186978697776794,0.7791486978530884,0.7968679666519165,0.7110024094581604,0.7873162627220154,0.6550570726394653,0.7990147471427917,0.6151930093765259,0.7559611201286316,0.7400956153869629,0.6960165500640869,0.7302782535552979,0.6628633737564087,0.726994514465332,0.6374995708465576,0.7278396487236023,0.7369637489318848,0.7834327816963196,0.6853039264678955,0.7511269450187683,0.6984092593193054,0.738544225692749,0.7215912342071533,0.742461621761322,0.72645103931427,0.8213410973548889,0.6881605386734009,0.7817927598953247,0.7001779079437256,0.772858202457428,0.7178788185119629,0.7797001004219055,0.7191411852836609,0.8496597409248352,0.6952301263809204,0.8098043203353882,0.7070844173431396,0.8006109595298767,0.7203956842422485,0.8050089478492737,0.4885168671607971,0.4587637484073639,0.5066151022911072,0.4083085358142853,0.5195728540420532,0.40869763493537903,0.5333976745605469,0.40916019678115845,0.4642435908317566,0.4105626344680786,0.4482749104499817,0.4124681353569031,0.4334980845451355,0.4144030511379242,0.5533090829849243,0.4371289312839508,0.41052374243736267,0.44773373007774353,0.5165847539901733,0.5177344679832458,0.45895785093307495,0.5214450359344482
6,0,0,0,0,0,0,0,0,0,0,0,0,0,0,0,0,0,0,0,0,0,0,0,0,0,0,0,0,0,0,0,0,0,0,0,0,0,0,0,0,0,0,0.8221280574798584,0.8315300345420837,0.8143449425697327,0.7567068934440613,0.7927526235580444,0.691338062286377,0.78166264295578,0.6348071694374084,0.7821215987205505,0.6030689477920532,0.7467482089996338,0.7197586297988892,0.6803247928619385,0.694456160068512,0.6430186033248901,0.6810570359230042,0.6127704381942749,0.6724250912666321,0.7275050282478333,0.7670798301696777,0.6787329316139221,0.7302073836326599,0.6981263160705566,0.723701536655426,0.7239760756492615,0.7303138971328735,0.7185781598091125,0.8064731359481812,0.6893646121025085,0.7667210698127747,0.7075676918029785,0.7649843692779541,0.7271258234977722,0.7762947082519531,0.712108314037323,0.8357510566711426,0.6980912685394287,0.7963206171989441,0.7153987884521484,0.798352837562561,0.7301295399665833,0.8089987635612488,0.4875100553035736,0.45953524112701416,0.5058213472366333,0.4092289209365845,0.5187659859657288,0.40957602858543396,0.5325654149055481,0.41007429361343384,0.4629901349544525,0.41140875220298767,0.44693130254745483,0.4132252633571625,0.4322272837162018,0.4149690568447113,0.5531286001205444,0.43827763199806213,0.41029125452041626,0.44773468375205994,0.5159890651702881,0.5181025266647339,0.4583587050437927,0.52133709192276
6,0,0,0,0,0,0,0,0,0,0,0,0,0,0,0,0,0,0,0,0,0,0,0,0,0,0,0,0,0,0,0,0,0,0,0,0,0,0,0,0,0,0,0.8170042037963867,0.8404102921485901,0.8094412684440613,0.7661181688308716,0.785134494304657,0.7016648650169373,0.7733204960823059,0.6448817253112793,0.7770083546638489,0.6109249591827393,0.737424910068512,0.7248027324676514,0.6708375811576843,0.7066304683685303,0.6369958519935608,0.7005280256271362,0.6102015376091003,0.6971768140792847,0.7172306776046753,0.7734964489936829,0.6676750183105469,0.743190586566925,0.6861028075218201,0.7386555671691895,0.713013231754303,0.7442958950996399,0.7094216346740723,0.8144057989120483,0.6869434118270874,0.7811897993087769,0.7047635316848755,0.780792236328125,0.7242947220802307,0.7902765274047852,0.7043365836143494,0.8462527990341187,0.6976701617240906,0.8131408095359802,0.7149611115455627,0.8153155446052551,0.7298779487609863,0.8221601843833923,0.48846134543418884,0.4612961411476135,0.5057668685913086,0.41024860739707947,0.5184527635574341,0.41039127111434937,0.5319498777389526,0.4106702506542206,0.46267470717430115,0.4133063554763794,0.4462253153324127,0.4156198799610138,0.43140673637390137,0.4178120493888855,0.5524789094924927,0.43951156735420227,0.40999850630760193,0.4515285789966583,0.5179877877235413,0.5198795199394226,0.45991000533103943,0.524218738079071
6,0,0,0,0,0,0,0,0,0,0,0,0,0,0,0,0,0,0,0,0,0,0,0,0,0,0,0,0,0,0,0,0,0,0,0,0,0,0,0,0,0,0,0.8391305208206177,0.8346489667892456,0.8268809914588928,0.7525961995124817,0.7872748970985413,0.6916161775588989,0.7410454750061035,0.6613413095474243,0.7066056132316589,0.6611503958702087,0.7532961368560791,0.7148727774620056,0.6761651039123535,0.6981238126754761,0.6341202259063721,0.6904348134994507,0.6009573340415955,0.6879864931106567,0.7358788847923279,0.7676266431808472,0.6807342171669006,0.741152822971344,0.6976346969604492,0.7348777055740356,0.7232711911201477,0.7407611012458801,0.7280444502830505,0.8113226294517517,0.6934114098548889,0.7806183099746704,0.7120576500892639,0.7768234014511108,0.7328217625617981,0.7848840951919556,0.722756028175354,0.8455751538276672,0.7043832540512085,0.811064600944519,0.721903383731842,0.8104029297828674,0.738180935382843,0.8171173334121704,0.4838641583919525,0.4621518552303314,0.5047024488449097,0.4113813042640686,0.5181444883346558,0.41168174147605896,0.531268835067749,0.4119446575641632,0.4600517153739929,0.4134425222873688,0.44488757848739624,0.41512662172317505,0.43107858300209045,0.4164949655532837,0.555425763130188,0.43911388516426086,0.4136510491371155,0.44817832112312317,0.514763355255127,0.5193083882331848,0.45572328567504883,0.5226151347160339
6,0,0,0,0,0,0,0,0,0,0,0,0,0,0,0,0,0,0,0,0,0,0,0,0,0,0,0,0,0,0,0,0,0,0,0,0,0,0,0,0,0,0,0.8187271952629089,0.84821617603302,0.8140429258346558,0.7694520950317383,0.7927790284156799,0.7048358917236328,0.791347086429596,0.6406728029251099,0.8073313236236572,0.6022505164146423,0.7409837245941162,0.7211683392524719,0.6705283522605896,0.6917102932929993,0.6299270391464233,0.6745218634605408,0.5978015661239624,0.6626774072647095,0.7194218039512634,0.7671535015106201,0.6725189685821533,0.7330097556114197,0.6945855617523193,0.7311092019081116,0.7231703996658325,0.7411199808120728,0.7101829648017883,0.809693455696106,0.683186411857605,0.7745522856712341,0.7027627229690552,0.7756794095039368,0.724704921245575,0.7897736430168152,0.7039698362350464,0.8435101509094238,0.6928486824035645,0.8106240034103394,0.7117737531661987,0.8147873878479004,0.7291479706764221,0.8268300294876099,0.4856390058994293,0.4632677733898163,0.5079644918441772,0.41177430748939514,0.5207430720329285,0.4124550223350525,0.5339565277099609,0.4134488105773926,0.461914598941803,0.41256183385849,0.4454992711544037,0.41366615891456604,0.43092918395996094,0.41443824768066406,0.5563176870346069,0.43971213698387146,0.41220006346702576,0.4443725049495697,0.5137971639633179,0.5215210318565369,0.45383888483047485,0.5242753624916077
6,0,0,0,0,0,0,0,0,0,0,0,0,0,0,0,0,0,0,0,0,0,0,0,0,0,0,0,0,0,0,0,0,0,0,0,0,0,0,0,0,0,0,0.8387144207954407,0.8315839767456055,0.8319504857063293,0.7528020739555359,0.8090115785598755,0.6861886978149414,0.8014536499977112,0.6255571842193604,0.808874249458313,0.5833574533462524,0.7598541975021362,0.7033179998397827,0.6893364787101746,0.6736727952957153,0.6489416360855103,0.659718930721283,0.6163628697395325,0.6500034928321838,0.7384167313575745,0.7525767683982849,0.6839983463287354,0.7214297652244568,0.7041958570480347,0.7203041315078735,0.732149600982666,0.7278730273246765,0.7282082438468933,0.7961629629135132,0.698525071144104,0.7611048817634583,0.7188578844070435,0.7625830173492432,0.7395204305648804,0.7740370035171509,0.7213343977928162,0.8306630253791809,0.7054367661476135,0.7934580445289612,0.7244414687156677,0.7969878911972046,0.7408854365348816,0.8071587681770325,0.4848763346672058,0.4638857841491699,0.5072134733200073,0.41184884309768677,0.5205605626106262,0.4121578335762024,0.5337895750999451,0.4128982722759247,0.46107545495033264,0.41419491171836853,0.4455599784851074,0.4156259000301361,0.43150830268859863,0.416744589805603,0.5566967129707336,0.44011789560317993,0.4131346344947815,0.44565528631210327,0.5142091512680054,0.5209223031997681,0.4543061852455139,0.524602472782135
6,0,0,0,0,0,0,0,0,0,0,0,0,0,0,0,0,0,0,0,0,0,0,0,0,0,0,0,0,0,0,0,0,0,0,0,0,0,0,0,0,0,0,0.8372230529785156,0.824342668056488,0.8287630677223206,0.746272623538971,0.8039902448654175,0.686506986618042,0.7905200719833374,0.6251696348190308,0.7935554385185242,0.5809490084648132,0.7480635643005371,0.6972859501838684,0.6743194460868835,0.674808919429779,0.6338501572608948,0.6633183360099792,0.6026955842971802,0.6545453071594238,0.7277467846870422,0.7478883862495422,0.6862863898277283,0.7207316160202026,0.7070140838623047,0.7189800143241882,0.735167384147644,0.725823700428009,0.7211339473724365,0.7934541702270508,0.7030926942825317,0.7642562389373779,0.7229613661766052,0.7671488523483276,0.7445955276489258,0.7793673276901245,0.717093825340271,0.8302013874053955,0.7130959630012512,0.8002979755401611,0.7320797443389893,0.804762601852417,0.7486201524734497,0.8134174346923828,0.4894152581691742,0.4642890393733978,0.5101335644721985,0.413190096616745,0.5231446027755737,0.4139917194843292,0.5364475846290588,0.41553929448127747,0.46542543172836304,0.4150872230529785,0.44929036498069763,0.4169786870479584,0.435026079416275,0.4187377691268921,0.557660698890686,0.44255706667900085,0.41469088196754456,0.45012980699539185,0.517493724822998,0.5225106477737427,0.45859017968177795,0.5260173678398132
6,0,0,0,0,0,0,0,0,0,0,0,0,0,0,0,0,0,0,0,0,0,0,0,0,0,0,0,0,0,0,0,0,0,0,0,0,0,0,0,0,0,0,0.8384024500846863,0.832983136177063,0.8297827243804932,0.7525081634521484,0.8026096224784851,0.6902936697006226,0.7893475294113159,0.6271854639053345,0.7924087047576904,0.5829511880874634,0.7455481290817261,0.7023583054542542,0.6713658571243286,0.6778603196144104,0.6314974427223206,0.6665511131286621,0.600826621055603,0.6580241322517395,0.7259978652000427,0.754237711429596,0.6840850710868835,0.7262545824050903,0.7055251002311707,0.7243779301643372,0.7341277003288269,0.7308122515678406,0.7209272384643555,0.7998224496841431,0.701907753944397,0.7703753113746643,0.7223589420318604,0.7723010182380676,0.7442401647567749,0.7837886214256287,0.7186748385429382,0.8360273838043213,0.7130905389785767,0.806573212146759,0.7319551706314087,0.8096330165863037,0.748771071434021,0.8166524767875671,0.4735092222690582,0.4617314338684082,0.49588340520858765,0.411104291677475,0.5110992193222046,0.4114873707294464,0.5236318707466125,0.41251689195632935,0.4501730799674988,0.41338932514190674,0.435707151889801,0.41485628485679626,0.42190709710121155,0.41670361161231995,0.5484594106674194,0.44014057517051697,0.41045671701431274,0.44685477018356323,0.5055051445960999,0.5179393291473389,0.4456050395965576,0.5232893228530884
6,0,0,0,0,0,0,0,0,0,0,0,0,0,0,0,0,0,0,0,0,0,0,0,0,0,0,0,0,0,0,0,0,0,0,0,0,0,0,0,0,0,0,0.839949369430542,0.8262046575546265,0.8303173780441284,0.7469096183776855,0.8037832975387573,0.6852273941040039,0.7892894744873047,0.6242596507072449,0.7899500131607056,0.5812875628471375,0.7472021579742432,0.7006634473800659,0.6740009188652039,0.6763777136802673,0.6338786482810974,0.6650164723396301,0.602780818939209,0.6570776700973511,0.7281984090805054,0.7528643608093262,0.6863648891448975,0.7242079973220825,0.707286536693573,0.7219657301902771,0.735839307308197,0.7282537221908569,0.7230958938598633,0.7986101508140564,0.7052336931228638,0.7683619260787964,0.7253600358963013,0.7704058885574341,0.7472545504570007,0.7815831303596497,0.7206088900566101,0.8350666761398315,0.7153933048248291,0.8043873310089111,0.7341737747192383,0.8077099323272705,0.7508097290992737,0.8153455257415771,0.4700546860694885,0.458143413066864,0.4927583336830139,0.40950092673301697,0.5078756809234619,0.4110167920589447,0.5203605890274048,0.4136694669723511,0.447861909866333,0.41025906801223755,0.4329558312892914,0.41130101680755615,0.4189668595790863,0.41266030073165894,0.544708251953125,0.44137436151504517,0.40664610266685486,0.4428022801876068,0.5003284811973572,0.5165740847587585,0.4404710829257965,0.5185765624046326
6,0,0,0,0,0,0,0,0,0,0,0,0,0,0,0,0,0,0,0,0,0,0,0,0,0,0,0,0,0,0,0,0,0,0,0,0,0,0,0,0,0,0,0.8379342555999756,0.8185814023017883,0.8280174732208252,0.7393940687179565,0.7947777509689331,0.6817048192024231,0.7601515650749207,0.6391709446907043,0.7359215617179871,0.6278913617134094,0.7437765598297119,0.6964788436889648,0.6699280738830566,0.6765485405921936,0.6309962272644043,0.6671929359436035,0.6003817319869995,0.6610849499702454,0.7265664339065552,0.7483611702919006,0.6832491159439087,0.7236465811729431,0.7036586403846741,0.7203606963157654,0.7308230400085449,0.7246074676513672,0.7213988304138184,0.792719841003418,0.7023934721946716,0.765920102596283,0.7213259339332581,0.7663102746009827,0.7420257329940796,0.7753363847732544,0.7187769412994385,0.8286138772964478,0.7136677503585815,0.7970809936523438,0.7318028211593628,0.7997521758079529,0.7475233674049377,0.8062364459037781,0.47846317291259766,0.45931434631347656,0.5010428428649902,0.4109551012516022,0.5150232911109924,0.41232866048812866,0.5274582505226135,0.4142700433731079,0.45484647154808044,0.4123549461364746,0.4399281144142151,0.41367822885513306,0.42585253715515137,0.41516977548599243,0.551119327545166,0.442529559135437,0.41033419966697693,0.4466780424118042,0.5087692737579346,0.5169113278388977,0.44835519790649414,0.5209030508995056
6,0,0,0,0,0,0,0,0,0,0,0,0,0,0,0,0,0,0,0,0,0,0,0,0,0,0,0,0,0,0,0,0,0,0,0,0,0,0,0,0,0,0,0.8372285962104797,0.8543031811714172,0.8274183869361877,0.7731436491012573,0.7955607175827026,0.7144842147827148,0.7767722010612488,0.6570515036582947,0.7754003405570984,0.6174629926681519,0.742161214351654,0.7220342755317688,0.6684480905532837,0.7019535303115845,0.6288012862205505,0.691409707069397,0.5984519124031067,0.6839934587478638,0.7226294875144958,0.7704156637191772,0.6734897494316101,0.7421203255653381,0.6950653195381165,0.7404051423072815,0.7252880334854126,0.7495048642158508,0.7171807289123535,0.8143630027770996,0.6913601160049438,0.786345362663269,0.711302638053894,0.786567211151123,0.7341700792312622,0.7977505326271057,0.7152145504951477,0.8499725461006165,0.7050215601921082,0.8215126991271973,0.723975658416748,0.8239825963973999,0.742241621017456,0.8313385844230652,0.4594790041446686,0.46960243582725525,0.48236221075057983,0.422116756439209,0.498535692691803,0.4230368733406067,0.5126968622207642,0.4243771731853485,0.4404703974723816,0.42332836985588074,0.42778879404067993,0.4248307943344116,0.4166452884674072,0.4257400631904602,0.5423487424850464,0.4523443579673767,0.40799659490585327,0.45601901412010193,0.49444419145584106,0.5258766412734985,0.43789464235305786,0.527614176273346
6,0,0,0,0,0,0,0,0,0,0,0,0,0,0,0,0,0,0,0,0,0,0,0,0,0,0,0,0,0,0,0,0,0,0,0,0,0,0,0,0,0,0,0.8066645264625549,0.8314392566680908,0.8003971576690674,0.7543899416923523,0.7764739990234375,0.6886749267578125,0.7683488130569458,0.6281664371490479,0.775131344795227,0.5867339372634888,0.7375172972679138,0.7096773386001587,0.668438732624054,0.6806783080101013,0.6306256651878357,0.667125940322876,0.5993317365646362,0.6590867042541504,0.7140393257141113,0.7579658031463623,0.6598168015480042,0.7172306180000305,0.6795397400856018,0.7117708325386047,0.7063714265823364,0.7203426361083984,0.7014216780662537,0.798788845539093,0.6732213497161865,0.7544769644737244,0.69278883934021,0.7545406818389893,0.7113581895828247,0.7680147290229797,0.6918848752975464,0.8297856450080872,0.680372953414917,0.7864174842834473,0.6981525421142578,0.7882491946220398,0.7119327783584595,0.7996701002120972,0.4660947322845459,0.46441879868507385,0.4884520173072815,0.41527894139289856,0.5041901469230652,0.41556254029273987,0.5170091986656189,0.4162752330303192,0.44300252199172974,0.4179525673389435,0.4291553497314453,0.4194904565811157,0.4165024161338806,0.42115822434425354,0.5422157645225525,0.4426247179508209,0.4067802429199219,0.44881242513656616,0.4981209337711334,0.5194675922393799,0.4395429491996765,0.5230517387390137
6,0,0,0,0,0,0,0,0,0,0,0,0,0,0,0,0,0,0,0,0,0,0,0,0,0,0,0,0,0,0,0,0,0,0,0,0,0,0,0,0,0,0,0.8113477230072021,0.8363986015319824,0.805843710899353,0.7583754062652588,0.7812590599060059,0.692699670791626,0.7734774947166443,0.6307692527770996,0.7831674218177795,0.5895378589630127,0.7410216927528381,0.7143710255622864,0.671377956867218,0.6856398582458496,0.6326858997344971,0.6722063422203064,0.6007940769195557,0.6646829843521118,0.7179454565048218,0.7625733017921448,0.66444993019104,0.7218960523605347,0.6845172047615051,0.7163962721824646,0.7114378213882446,0.7251565456390381,0.7054053544998169,0.8039013147354126,0.6767545342445374,0.7593298554420471,0.6960528492927551,0.7592509388923645,0.7150821089744568,0.7729445099830627,0.6956546306610107,0.8348097205162048,0.6837666034698486,0.7906862497329712,0.7016236782073975,0.792935311794281,0.7156919240951538,0.8046432733535767,0.46373772621154785,0.46433162689208984,0.4853114187717438,0.41395503282546997,0.5013281106948853,0.41405799984931946,0.5150648355484009,0.4145885705947876,0.43970099091529846,0.41681256890296936,0.42529091238975525,0.4185259938240051,0.4137645363807678,0.42029207944869995,0.5410175323486328,0.4406956732273102,0.40445247292518616,0.4493146240711212,0.4973604679107666,0.5190571546554565,0.43777281045913696,0.5243697166442871
6,0,0,0,0,0,0,0,0,0,0,0,0,0,0,0,0,0,0,0,0,0,0,0,0,0,0,0,0,0,0,0,0,0,0,0,0,0,0,0,0,0,0,0.8154402375221252,0.8318802714347839,0.8080925345420837,0.754184901714325,0.7836522459983826,0.6881268620491028,0.7733656167984009,0.6276952028274536,0.7782166004180908,0.5828534960746765,0.7433154582977295,0.7103589177131653,0.6752254962921143,0.6825727224349976,0.6364107728004456,0.6694944500923157,0.6039586663246155,0.663129448890686,0.7212796211242676,0.7593938708305359,0.6663302183151245,0.720653235912323,0.6865349411964417,0.713802695274353,0.7135502696037292,0.7214048504829407,0.709750235080719,0.8015632033348083,0.6778185367584229,0.7581741809844971,0.6970558166503906,0.7557410597801208,0.7168183326721191,0.7682682871818542,0.7013682126998901,0.8333323001861572,0.6853777766227722,0.790128231048584,0.7033761143684387,0.789922297000885,0.71854567527771,0.8003361821174622,0.46718090772628784,0.46396347880363464,0.48702746629714966,0.41348323225975037,0.5028625130653381,0.4133356511592865,0.5160285830497742,0.4139021337032318,0.441842645406723,0.41770774126052856,0.427633136510849,0.4201083183288574,0.41548413038253784,0.4226222038269043,0.5427147746086121,0.4394204914569855,0.405834823846817,0.4522158205509186,0.5025991797447205,0.5172922611236572,0.44244614243507385,0.5242679119110107
6,0,0,0,0,0,0,0,0,0,0,0,0,0,0,0,0,0,0,0,0,0,0,0,0,0,0,0,0,0,0,0,0,0,0,0,0,0,0,0,0,0,0,0.8382421135902405,0.8437706828117371,0.8299322724342346,0.7657834887504578,0.7991123795509338,0.6944005489349365,0.7829602360725403,0.6328838467597961,0.7894066572189331,0.5907782316207886,0.7646229863166809,0.71988445520401,0.6956110596656799,0.6922083497047424,0.6535606384277344,0.6805520057678223,0.6190788149833679,0.6763892769813538,0.7436906695365906,0.7710329294204712,0.687035858631134,0.7341568470001221,0.707757830619812,0.7299559712409973,0.7353240251541138,0.7404374480247498,0.7324348092079163,0.8149186968803406,0.6953830718994141,0.7748368978500366,0.7160490155220032,0.7717282176017761,0.7384276390075684,0.7839957475662231,0.7244701385498047,0.8481795191764832,0.7012656331062317,0.8070797920227051,0.7200093865394592,0.8064417243003845,0.7374895215034485,0.8163312077522278,0.465507447719574,0.46010252833366394,0.4881971478462219,0.41244158148765564,0.504096269607544,0.4131987690925598,0.5177866816520691,0.41422364115715027,0.4430364668369293,0.4145898222923279,0.42899569869041443,0.41627681255340576,0.41654759645462036,0.41749709844589233,0.5430952906608582,0.4393707811832428,0.4062458872795105,0.4427943825721741,0.4987293779850006,0.5176923274993896,0.4389704763889313,0.5208619832992554
6,0,0,0,0,0,0,0,0,0,0,0,0,0,0,0,0,0,0,0,0,0,0,0,0,0,0,0,0,0,0,0,0,0,0,0,0,0,0,0,0,0,0,0.8381170630455017,0.8557777404785156,0.8257102370262146,0.7744751572608948,0.7935994863510132,0.7055214643478394,0.7763267159461975,0.6405600309371948,0.7840466499328613,0.5925876498222351,0.7554724812507629,0.7289051413536072,0.6796002388000488,0.7125169038772583,0.637568473815918,0.7055043578147888,0.6041957139968872,0.7019314765930176,0.7347003817558289,0.7791837453842163,0.6754205226898193,0.7503709197044373,0.6946488618850708,0.7466608881950378,0.7235644459724426,0.7547844648361206,0.7248297929763794,0.82346510887146,0.6888189911842346,0.7914255857467651,0.7069589495658875,0.788366436958313,0.7302646636962891,0.7983319759368896,0.7180516719818115,0.8569795489311218,0.7004338502883911,0.8232977986335754,0.7193089127540588,0.8224084377288818,0.7381474375724792,0.8297268152236938,0.4792931079864502,0.45446476340293884,0.5014089941978455,0.40895092487335205,0.515999436378479,0.41001197695732117,0.5293800830841064,0.4109417498111725,0.4544074535369873,0.40808457136154175,0.43843239545822144,0.40876320004463196,0.4241982102394104,0.4096107482910156,0.5520005226135254,0.43608441948890686,0.4096260666847229,0.4385682940483093,0.5098556280136108,0.5155268311500549,0.4497189521789551,0.5170672535896301
6,0,0,0,0,0,0,0,0,0,0,0,0,0,0,0,0,0,0,0,0,0,0,0,0,0,0,0,0,0,0,0,0,0,0,0,0,0,0,0,0,0,0,0.8202313780784607,0.8547991514205933,0.8099051713943481,0.7746574878692627,0.778913140296936,0.7058112621307373,0.7648497223854065,0.6407005190849304,0.7739728093147278,0.5969474911689758,0.7397347688674927,0.7346954345703125,0.6658878326416016,0.7154629230499268,0.6271079182624817,0.708376944065094,0.5966241359710693,0.7055267691612244,0.7203614711761475,0.7833625078201294,0.6639726161956787,0.7533897757530212,0.6816627979278564,0.7484843134880066,0.7083122134208679,0.7547601461410522,0.711095929145813,0.8249419331550598,0.6788442730903625,0.7920504212379456,0.6971746683120728,0.7895864844322205,0.7192322611808777,0.7990701198577881,0.7049452662467957,0.8553954362869263,0.6908762454986572,0.8221602439880371,0.7095351219177246,0.8232203722000122,0.7269439101219177,0.8312894701957703,0.4759557843208313,0.4578460454940796,0.4980453848838806,0.41013917326927185,0.5121588110923767,0.4105149507522583,0.5244563221931458,0.41125714778900146,0.4539176821708679,0.4113418757915497,0.4392293393611908,0.4125341475009918,0.425597608089447,0.4142274856567383,0.5466018319129944,0.4351416230201721,0.41178688406944275,0.4424206018447876,0.5061401128768921,0.5166158676147461,0.4481184482574463,0.5195144414901733
6,0,0,0,0,0,0,0,0,0,0,0,0,0,0,0,0,0,0,0,0,0,0,0,0,0,0,0,0,0,0,0,0,0,0,0,0,0,0,0,0,0,0,0.8421624302864075,0.8392416834831238,0.8308173418045044,0.75958251953125,0.7963568568229675,0.6954277157783508,0.7793554663658142,0.6340909600257874,0.7860811948776245,0.5911513566970825,0.7598239779472351,0.7136813998222351,0.6837382316589355,0.6926643252372742,0.6405709385871887,0.6836941838264465,0.6061529517173767,0.6799359321594238,0.7405045628547668,0.7656873464584351,0.6788491010665894,0.7369053959846497,0.6988201141357422,0.7328087687492371,0.7282642126083374,0.7395168542861938,0.731702446937561,0.8113919496536255,0.6936783790588379,0.7771413922309875,0.7142906785011292,0.7752606868743896,0.7369484901428223,0.7855672836303711,0.7257910370826721,0.8467545509338379,0.702948808670044,0.8111433982849121,0.7219428420066833,0.8108587861061096,0.7397342324256897,0.818907618522644,0.4803256392478943,0.4564869701862335,0.5027260184288025,0.40870240330696106,0.5164152979850769,0.4096498191356659,0.5288721323013306,0.4109968841075897,0.45818716287612915,0.40894371271133423,0.4427475333213806,0.4097035527229309,0.4284553527832031,0.4104836583137512,0.5502692461013794,0.4382978081703186,0.41175776720046997,0.44021180272102356,0.5088480114936829,0.5139663815498352,0.44951921701431274,0.5155267119407654
6,0,0,0,0,0,0,0,0,0,0,0,0,0,0,0,0,0,0,0,0,0,0,0,0,0,0,0,0,0,0,0,0,0,0,0,0,0,0,0,0,0,0,0.8350653052330017,0.8366805911064148,0.8233897089958191,0.7586319446563721,0.7911281585693359,0.6932580471038818,0.7747775912284851,0.6331707239151001,0.7766129970550537,0.5913975238800049,0.7512632012367249,0.7149338722229004,0.6794276237487793,0.6951189041137695,0.638142466545105,0.6852316856384277,0.6051459908485413,0.6798759698867798,0.7325888872146606,0.7671946883201599,0.6717085838317871,0.7373499274253845,0.6917738914489746,0.7319577932357788,0.7221081256866455,0.7382752299308777,0.7244877219200134,0.8116306662559509,0.6890289783477783,0.7779402732849121,0.7099088430404663,0.7753230333328247,0.7330837249755859,0.7851055860519409,0.7192276120185852,0.8459635376930237,0.6997503638267517,0.8108663558959961,0.7190793752670288,0.8104316592216492,0.7370271682739258,0.8179327845573425,0.4752121865749359,0.45789095759391785,0.4985311031341553,0.4099220335483551,0.5129045844078064,0.411379873752594,0.524962842464447,0.41337719559669495,0.4529572129249573,0.40960341691970825,0.43771037459373474,0.40999534726142883,0.42335161566734314,0.41064053773880005,0.5482044816017151,0.44005298614501953,0.40937551856040955,0.43918344378471375,0.504057765007019,0.5151118636131287,0.4423530697822571,0.5166565775871277
6,0,0,0,0,0,0,0,0,0,0,0,0,0,0,0,0,0,0,0,0,0,0,0,0,0,0,0,0,0,0,0,0,0,0,0,0,0,0,0,0,0,0,0.8313286304473877,0.8315868973731995,0.8166970014572144,0.7543001174926758,0.7832345962524414,0.6915266513824463,0.7667902708053589,0.6306172609329224,0.768608570098877,0.586693525314331,0.7424307465553284,0.710360050201416,0.668892502784729,0.6948980689048767,0.6297962665557861,0.6870259642601013,0.5985673069953918,0.6815512776374817,0.726718544960022,0.7625828981399536,0.6681870222091675,0.7386189103126526,0.6876868605613708,0.7348752021789551,0.7170431017875671,0.7396121621131897,0.7203758955001831,0.8073595762252808,0.6856531500816345,0.777544379234314,0.7064521312713623,0.7760157585144043,0.7299289703369141,0.7849743962287903,0.7161815166473389,0.8415919542312622,0.6982827186584473,0.8087344169616699,0.7179883718490601,0.8091323375701904,0.7362926006317139,0.8155716061592102,0.47815361618995667,0.45680320262908936,0.5022283792495728,0.4102301001548767,0.5170679688453674,0.4126286804676056,0.5307474732398987,0.415352463722229,0.45579639077186584,0.40777698159217834,0.4405142664909363,0.4072936773300171,0.42635923624038696,0.40656739473342896,0.5561310052871704,0.44287773966789246,0.41093406081199646,0.4359480142593384,0.5078706741333008,0.5146042108535767,0.4468461871147156,0.5156246423721313
6,0,0,0,0,0,0,0,0,0,0,0,0,0,0,0,0,0,0,0,0,0,0,0,0,0,0,0,0,0,0,0,0,0,0,0,0,0,0,0,0,0,0,0.824922502040863,0.8196204900741577,0.8115043044090271,0.7457882165908813,0.781045138835907,0.6857296228408813,0.7657877802848816,0.628200352191925,0.7701714634895325,0.586064338684082,0.7414053082466125,0.7091196179389954,0.6738598346710205,0.6910735964775085,0.6373099088668823,0.6837869882583618,0.6084198951721191,0.6805989146232605,0.7251061201095581,0.7586888670921326,0.6707412004470825,0.7303512096405029,0.6892617344856262,0.7246783375740051,0.7165451645851135,0.7289881110191345,0.7187509536743164,0.8006092309951782,0.6883964538574219,0.766777515411377,0.7068564295768738,0.7653275728225708,0.7275887727737427,0.7750415802001953,0.7141548991203308,0.8330686688423157,0.6984387040138245,0.7978982925415039,0.7163160443305969,0.7978118062019348,0.7321386933326721,0.8059550523757935,0.48715004324913025,0.45750075578689575,0.5112215876579285,0.4089029133319855,0.5249089002609253,0.41115137934684753,0.5398272275924683,0.4135478436946869,0.466482013463974,0.40507087111473083,0.45008546113967896,0.4042268693447113,0.4350219666957855,0.403308242559433,0.562231183052063,0.44210317730903625,0.4103319048881531,0.4347669184207916,0.5150249004364014,0.5193843245506287,0.4532288610935211,0.5180161595344543
6,0,0,0,0,0,0,0,0,0,0,0,0,0,0,0,0,0,0,0,0,0,0,0,0,0,0,0,0,0,0,0,0,0,0,0,0,0,0,0,0,0,0,0.8209415674209595,0.8386161923408508,0.8107135891914368,0.7616159915924072,0.7811360359191895,0.702370285987854,0.7648311257362366,0.6471508741378784,0.7648655772209167,0.6105183362960815,0.7366667985916138,0.7189434766769409,0.6670096516609192,0.6981213092803955,0.6303870677947998,0.6886711120605469,0.6016266942024231,0.6812707185745239,0.719746470451355,0.7693399786949158,0.6643868088722229,0.7424760460853577,0.6826645731925964,0.7386149764060974,0.7108241319656372,0.7424110174179077,0.7134829759597778,0.8110052347183228,0.6852884292602539,0.7783404588699341,0.7042486071586609,0.7768643498420715,0.7250701189041138,0.7858814001083374,0.7093465924263,0.8425551652908325,0.6971081495285034,0.8079303503036499,0.7150446772575378,0.8087546825408936,0.7313269376754761,0.8151708841323853,0.4837683141231537,0.4665316343307495,0.5072768330574036,0.41920900344848633,0.5207912921905518,0.42025110125541687,0.5343522429466248,0.4215925633907318,0.4631621241569519,0.41813647747039795,0.44693756103515625,0.418105810880661,0.4316476285457611,0.41798117756843567,0.5563985109329224,0.4457235634326935,0.409445583820343,0.44236066937446594,0.5092360973358154,0.5242843627929688,0.450606107711792,0.5243642330169678
6,0,0,0,0,0,0,0,0,0,0,0,0,0,0,0,0,0,0,0,0,0,0,0,0,0,0,0,0,0,0,0,0,0,0,0,0,0,0,0,0,0,0,0.8327652812004089,0.8470633029937744,0.820061206817627,0.7685548663139343,0.7886971235275269,0.7028063535690308,0.7718188762664795,0.6409738063812256,0.7794492244720459,0.5955569744110107,0.7485914826393127,0.7254879474639893,0.6768560409545898,0.7083108425140381,0.6384879350662231,0.6983821988105774,0.6080493330955505,0.6906286478042603,0.7302976250648499,0.7736200094223022,0.6741992235183716,0.74740070104599,0.6938397288322449,0.7452807426452637,0.7226877212524414,0.7530669569969177,0.7221950888633728,0.8161823749542236,0.6913447976112366,0.7878857254981995,0.7108250260353088,0.7862715721130371,0.7334463596343994,0.7959837913513184,0.716837465763092,0.8493012189865112,0.7027724981307983,0.8181059956550598,0.721754252910614,0.8187994360923767,0.7389558553695679,0.8260704874992371,0.47048109769821167,0.45126861333847046,0.49332642555236816,0.4027782380580902,0.5072324275970459,0.4046017825603485,0.5183936953544617,0.4070553779602051,0.4497337341308594,0.40254446864128113,0.43466147780418396,0.40331000089645386,0.4199722707271576,0.40400469303131104,0.5425368547439575,0.4374045729637146,0.40584200620651245,0.434055358171463,0.4979187548160553,0.5096599459648132,0.4401554465293884,0.5125206112861633
6,0,0,0,0,0,0,0,0,0,0,0,0,0,0,0,0,0,0,0,0,0,0,0,0,0,0,0,0,0,0,0,0,0,0,0,0,0,0,0,0,0,0,0.8591203689575195,0.8315889835357666,0.8441383242607117,0.7494301795959473,0.8053473234176636,0.685244083404541,0.7838640809059143,0.623937726020813,0.7922566533088684,0.5776363611221313,0.7666220664978027,0.7112290859222412,0.6897839307785034,0.6875039339065552,0.6467275619506836,0.6749575734138489,0.6133422255516052,0.6674368381500244,0.7494577765464783,0.765287458896637,0.689077615737915,0.7432502508163452,0.7102654576301575,0.7408381104469299,0.7404646873474121,0.7469505071640015,0.7433967590332031,0.8116951584815979,0.7066741585731506,0.7841880321502686,0.7273447513580322,0.7809259295463562,0.7511102557182312,0.7897893190383911,0.7399336099624634,0.8486234545707703,0.7172287702560425,0.8177875280380249,0.7360329031944275,0.8170276880264282,0.7538819313049316,0.8241937160491943,0.46904072165489197,0.45405566692352295,0.492220014333725,0.4041925370693207,0.5067588686943054,0.4060271382331848,0.5182795524597168,0.4084199368953705,0.44746822118759155,0.4038519859313965,0.43259015679359436,0.4045105278491974,0.41797828674316406,0.4054839313030243,0.5440095663070679,0.43827494978904724,0.4048445224761963,0.43649476766586304,0.4978736937046051,0.5125746130943298,0.43821319937705994,0.5147215127944946
6,0,0,0,0,0,0,0,0,0,0,0,0,0,0,0,0,0,0,0,0,0,0,0,0,0,0,0,0,0,0,0,0,0,0,0,0,0,0,0,0,0,0,0.8590837717056274,0.8446725606918335,0.8422818183898926,0.7603499293327332,0.8050001263618469,0.6959738731384277,0.7843481302261353,0.6329452395439148,0.7911986708641052,0.586929976940155,0.7576181888580322,0.7174608707427979,0.6785242557525635,0.6975385546684265,0.6347901821136475,0.6855252385139465,0.6008890867233276,0.6781001091003418,0.7412422895431519,0.7686921954154968,0.6845365166664124,0.7488003969192505,0.7076160311698914,0.7474759221076965,0.7394389510154724,0.7553679943084717,0.7369505167007446,0.8156743049621582,0.7023823261260986,0.7959685325622559,0.7241646647453308,0.7925642132759094,0.7495043277740479,0.8004107475280762,0.7359046339988708,0.8541414141654968,0.7166839838027954,0.8315987586975098,0.736566960811615,0.8307543992996216,0.7559729814529419,0.836761474609375,0.4723702073097229,0.45553383231163025,0.49642205238342285,0.40729427337646484,0.5099647045135498,0.40951859951019287,0.5216810703277588,0.41233745217323303,0.45078858733177185,0.4065842032432556,0.43537840247154236,0.4074406027793884,0.42048850655555725,0.4082537889480591,0.5470136404037476,0.44133085012435913,0.40511947870254517,0.43848440051078796,0.5012190937995911,0.5139397978782654,0.4402446150779724,0.5155342221260071
6,0,0,0,0,0,0,0,0,0,0,0,0,0,0,0,0,0,0,0,0,0,0,0,0,0,0,0,0,0,0,0,0,0,0,0,0,0,0,0,0,0,0,0.8617367744445801,0.8466090559959412,0.8465788960456848,0.7601829767227173,0.8071168065071106,0.6935337781906128,0.7836228013038635,0.6310886144638062,0.7875328660011292,0.5872726440429688,0.7635214924812317,0.714306116104126,0.6855916976928711,0.6912844181060791,0.6412959694862366,0.6783007979393005,0.6072074174880981,0.6708202362060547,0.7462586164474487,0.7665937542915344,0.6896142363548279,0.7435455322265625,0.7124763131141663,0.7433857917785645,0.7445400953292847,0.7527844309806824,0.7413511276245117,0.8143005967140198,0.7065161466598511,0.7922110557556152,0.728696882724762,0.790214478969574,0.7545185685157776,0.7991165518760681,0.7401050329208374,0.8539395928382874,0.7203174233436584,0.8288768529891968,0.7408205270767212,0.8294811248779297,0.7605429291725159,0.8362752199172974,0.46085160970687866,0.4575881361961365,0.48439541459083557,0.4083607494831085,0.5002523064613342,0.4095469117164612,0.5133544206619263,0.41147297620773315,0.4387121796607971,0.4089812636375427,0.42379894852638245,0.40986815094947815,0.4110971987247467,0.4109962284564972,0.5377646088600159,0.44025129079818726,0.4008138179779053,0.4421693682670593,0.4933876097202301,0.5152667164802551,0.43214502930641174,0.517934262752533
6,0,0,0,0,0,0,0,0,0,0,0,0,0,0,0,0,0,0,0,0,0,0,0,0,0,0,0,0,0,0,0,0,0,0,0,0,0,0,0,0,0,0,0.8635170459747314,0.845281720161438,0.8494210243225098,0.759871244430542,0.8103238344192505,0.692399263381958,0.7860549688339233,0.6302838325500488,0.7885557413101196,0.587252676486969,0.7654958367347717,0.7156949043273926,0.6878542304039001,0.6920945048332214,0.643646240234375,0.6790900826454163,0.6095132231712341,0.6712130904197693,0.7481135129928589,0.7684791684150696,0.69145268201828,0.7465664148330688,0.7146203517913818,0.7466362118721008,0.746453046798706,0.7551405429840088,0.742782473564148,0.8157542943954468,0.7098417282104492,0.7946493625640869,0.7312653064727783,0.7927746772766113,0.7565577626228333,0.8014354109764099,0.7405961155891418,0.8546160459518433,0.7237645387649536,0.8304529190063477,0.7438789010047913,0.8312526941299438,0.7630083560943604,0.8373808860778809,0.47604432702064514,0.45880618691444397,0.4988895356655121,0.40942832827568054,0.5114323496818542,0.41112643480300903,0.523546576499939,0.4135330021381378,0.45301514863967896,0.4090869724750519,0.4364568591117859,0.4098481237888336,0.4211885333061218,0.41093647480010986,0.5450053811073303,0.4413222372531891,0.403621107339859,0.44210734963417053,0.5033947229385376,0.5170274972915649,0.4419671595096588,0.5190351009368896
6,0,0,0,0,0,0,0,0,0,0,0,0,0,0,0,0,0,0,0,0,0,0,0,0,0,0,0,0,0,0,0,0,0,0,0,0,0,0,0,0,0,0,0.87045818567276,0.8595335483551025,0.8548433780670166,0.7760831117630005,0.8162959218025208,0.7083960771560669,0.7951940298080444,0.6459650993347168,0.801760196685791,0.5985524654388428,0.7738780975341797,0.726990282535553,0.6966115236282349,0.7056035995483398,0.6525803804397583,0.6922162175178528,0.6178153157234192,0.684349536895752,0.7568240165710449,0.7782696485519409,0.6997267007827759,0.7652078866958618,0.7226890325546265,0.7678267359733582,0.7541137337684631,0.7759895324707031,0.7511707544326782,0.82747483253479,0.7169849872589111,0.8194869756698608,0.737580418586731,0.8177201747894287,0.7629925608634949,0.8236817717552185,0.7490671277046204,0.8700000047683716,0.729964017868042,0.8552555441856384,0.7500960230827332,0.8556325435638428,0.7698752284049988,0.8598415851593018,0.48773831129074097,0.460762083530426,0.5085683465003967,0.4119464159011841,0.5213675498962402,0.41381433606147766,0.5349003076553345,0.41621848940849304,0.46713557839393616,0.4108335077762604,0.4507714807987213,0.4113943874835968,0.4347793459892273,0.4116028845310211,0.5547258853912354,0.44401416182518005,0.41032522916793823,0.4415539801120758,0.5144909620285034,0.5202215909957886,0.45352044701576233,0.5206700563430786
6,0,0,0,0,0,0,0,0,0,0,0,0,0,0,0,0,0,0,0,0,0,0,0,0,0,0,0,0,0,0,0,0,0,0,0,0,0,0,0,0,0,0,0.8622766733169556,0.8391354084014893,0.8479967713356018,0.7524212002754211,0.8103402853012085,0.685467004776001,0.7877570390701294,0.6226655840873718,0.7889281511306763,0.5800179839134216,0.7658795118331909,0.7099721431732178,0.6894265413284302,0.6841135025024414,0.6456098556518555,0.6706321835517883,0.6119876503944397,0.6626168489456177,0.747597873210907,0.7642033100128174,0.6908174753189087,0.7403998970985413,0.7139834761619568,0.740004301071167,0.7467248439788818,0.7483759522438049,0.7426961660385132,0.8118036985397339,0.7109040021896362,0.7869977951049805,0.7325088977813721,0.7852748036384583,0.7578834295272827,0.7944470047950745,0.7411049008369446,0.8500561118125916,0.7252567410469055,0.8239688873291016,0.7448102235794067,0.8245571851730347,0.7632372975349426,0.8308761119842529,0.47909483313560486,0.4569987952709198,0.5008426904678345,0.41013047099113464,0.5140353441238403,0.412065327167511,0.5258429646492004,0.4144563376903534,0.45605602860450745,0.40907061100006104,0.4399680495262146,0.4097180664539337,0.42440152168273926,0.41006356477737427,0.55000901222229,0.44310134649276733,0.40792736411094666,0.4395919740200043,0.5083449482917786,0.516339123249054,0.4470233917236328,0.5182618498802185
6,0,0,0,0,0,0,0,0,0,0,0,0,0,0,0,0,0,0,0,0,0,0,0,0,0,0,0,0,0,0,0,0,0,0,0,0,0,0,0,0,0,0,0.8550456762313843,0.8388338088989258,0.8367377519607544,0.7506703734397888,0.7993996143341064,0.6883394122123718,0.7757501602172852,0.6255094408988953,0.7772538661956787,0.578887939453125,0.7512026429176331,0.7090826630592346,0.6743113994598389,0.688406229019165,0.6319289207458496,0.6775227785110474,0.5997574329376221,0.6701335906982422,0.733085036277771,0.765299379825592,0.6773282885551453,0.7405617833137512,0.6999280452728271,0.7388505935668945,0.7334061861038208,0.7468553185462952,0.7298183441162109,0.8137407302856445,0.698556125164032,0.7853578925132751,0.7202173471450806,0.783093273639679,0.7455979585647583,0.7929226756095886,0.729729413986206,0.8518421053886414,0.7145434021949768,0.8224672079086304,0.7352050542831421,0.823157548904419,0.7548624873161316,0.8304322957992554,0.4790800213813782,0.4562569558620453,0.5007638931274414,0.40881863236427307,0.5137592554092407,0.41039565205574036,0.5250771641731262,0.4126293957233429,0.45602351427078247,0.4082738161087036,0.43977609276771545,0.40905696153640747,0.4241715371608734,0.40954047441482544,0.5486181378364563,0.44272491335868835,0.40735357999801636,0.43879377841949463,0.5080887675285339,0.5142566561698914,0.44650501012802124,0.5159309506416321
6,0,0,0,0,0,0,0,0,0,0,0,0,0,0,0,0,0,0,0,0,0,0,0,0,0,0,0,0,0,0,0,0,0,0,0,0,0,0,0,0,0,0,0.8505146503448486,0.8149532675743103,0.8367241024971008,0.7316666841506958,0.8001545667648315,0.6667313575744629,0.7740949988365173,0.6072344183921814,0.7678821682929993,0.5652693510055542,0.7540765404701233,0.6930509805679321,0.6793432235717773,0.6680138111114502,0.6369060277938843,0.6558341979980469,0.6035147309303284,0.6493794918060303,0.7363755702972412,0.7473919987678528,0.6842637062072754,0.7231754660606384,0.7063360214233398,0.7214004397392273,0.7364922165870667,0.7285995483398438,0.7312692999839783,0.7939351201057434,0.7024632096290588,0.7658622860908508,0.7238302230834961,0.7645363211631775,0.7477492094039917,0.7741257548332214,0.7290080785751343,0.8319227695465088,0.7138426303863525,0.8002506494522095,0.7337082028388977,0.801335334777832,0.7511759400367737,0.8088574409484863,0.4626324772834778,0.4526735842227936,0.4851399064064026,0.40557363629341125,0.501068651676178,0.4069578945636749,0.5144441723823547,0.40913593769073486,0.440030962228775,0.40510398149490356,0.42499488592147827,0.4053569436073303,0.4119085371494293,0.40568044781684875,0.540821373462677,0.4401860237121582,0.40124282240867615,0.43706104159355164,0.49589380621910095,0.5100878477096558,0.43448013067245483,0.510978102684021
6,0,0,0,0,0,0,0,0,0,0,0,0,0,0,0,0,0,0,0,0,0,0,0,0,0,0,0,0,0,0,0,0,0,0,0,0,0,0,0,0,0,0,0.8456084728240967,0.8204326629638672,0.8283509016036987,0.7371730208396912,0.7937036156654358,0.6724379658699036,0.7723511457443237,0.6106324195861816,0.7707384824752808,0.5687549710273743,0.7457607388496399,0.6995010375976562,0.6712204813957214,0.6763466000556946,0.6292760968208313,0.6657517552375793,0.5967448949813843,0.6607564687728882,0.7297799587249756,0.7548621296882629,0.678279459476471,0.7289823889732361,0.700617253780365,0.7258240580558777,0.7308683395385742,0.7323209047317505,0.7256691455841064,0.8016309142112732,0.6961864829063416,0.7719848155975342,0.7176879644393921,0.7706073522567749,0.7416731715202332,0.7805112600326538,0.7235836386680603,0.8388057351112366,0.7099555134773254,0.8081417679786682,0.7295954823493958,0.809785783290863,0.7468492984771729,0.8174741268157959,0.45655709505081177,0.460875928401947,0.4789152145385742,0.41220155358314514,0.4940853714942932,0.4123528301715851,0.5084507465362549,0.41330745816230774,0.4354061484336853,0.4157739281654358,0.4215519428253174,0.4177860915660858,0.40959683060646057,0.41931039094924927,0.532360851764679,0.44133394956588745,0.39693397283554077,0.44760075211524963,0.4886905252933502,0.5140799880027771,0.4292657971382141,0.5184877514839172
6,0,0,0,0,0,0,0,0,0,0,0,0,0,0,0,0,0,0,0,0,0,0,0,0,0,0,0,0,0,0,0,0,0,0,0,0,0,0,0,0,0,0,0.8709779381752014,0.8518951535224915,0.8556510210037231,0.7643799185752869,0.8169668316841125,0.697936475276947,0.7921385765075684,0.6358841061592102,0.7948150634765625,0.5877090692520142,0.7765836715698242,0.7211209535598755,0.6989964246749878,0.6952303051948547,0.6544826626777649,0.6824461817741394,0.6195176839828491,0.6753078699111938,0.757804811000824,0.7732877731323242,0.6979155540466309,0.7518380284309387,0.7205253839492798,0.7507752776145935,0.7525573372840881,0.7588856220245361,0.7519208192825317,0.8202025294303894,0.7157338857650757,0.8008706569671631,0.737625777721405,0.7966700792312622,0.7633386850357056,0.804059624671936,0.7499099969863892,0.8581081032752991,0.7298294901847839,0.8345546126365662,0.7501931190490723,0.8337209224700928,0.7700092196464539,0.839124321937561,0.4659838080406189,0.45684635639190674,0.4873168468475342,0.40966174006462097,0.5019947290420532,0.4101654887199402,0.5138202905654907,0.411708801984787,0.44379448890686035,0.41200917959213257,0.42896002531051636,0.4136887788772583,0.4151565134525299,0.4154023826122284,0.5390942096710205,0.4401339590549469,0.4046725332736969,0.44375360012054443,0.4967096447944641,0.5092636942863464,0.4358552098274231,0.5147984027862549
6,0,0,0,0,0,0,0,0,0,0,0,0,0,0,0,0,0,0,0,0,0,0,0,0,0,0,0,0,0,0,0,0,0,0,0,0,0,0,0,0,0,0,0.8634182214736938,0.8500706553459167,0.8485296964645386,0.7640529870986938,0.8091256022453308,0.6958804726600647,0.7844259738922119,0.633126974105835,0.7861547470092773,0.5878605246543884,0.7653113007545471,0.717417299747467,0.6876411437988281,0.6955298185348511,0.6436498165130615,0.6839009523391724,0.6090553998947144,0.6773046851158142,0.7476952075958252,0.7694704532623291,0.6883456110954285,0.7488561272621155,0.7109727263450623,0.7483794093132019,0.7429161071777344,0.7569499611854553,0.7420575618743896,0.81638103723526,0.7069330215454102,0.797149658203125,0.7287704348564148,0.7945166230201721,0.7544068098068237,0.8024301528930664,0.739688515663147,0.8548119068145752,0.7208841443061829,0.8311496376991272,0.7412229180335999,0.8314935564994812,0.7608775496482849,0.8369521498680115,0.46477562189102173,0.45827022194862366,0.4871181845664978,0.40983250737190247,0.5022254586219788,0.4102191925048828,0.5149390697479248,0.4115358591079712,0.442641019821167,0.41258177161216736,0.42794889211654663,0.41407427191734314,0.41531333327293396,0.41540640592575073,0.5406895279884338,0.4386455714702606,0.4049873352050781,0.44250422716140747,0.49778643250465393,0.511799693107605,0.4365674555301666,0.5161388516426086
6,0,0,0,0,0,0,0,0,0,0,0,0,0,0,0,0,0,0,0,0,0,0,0,0,0,0,0,0,0,0,0,0,0,0,0,0,0,0,0,0,0,0,0.8607685565948486,0.8541033267974854,0.8417395353317261,0.7660971879959106,0.804074764251709,0.7003936171531677,0.7781866788864136,0.6371062994003296,0.7807389497756958,0.5865578651428223,0.756781280040741,0.728491485118866,0.6781862378120422,0.7084702849388123,0.6349061727523804,0.6959962844848633,0.600749135017395,0.6878455877304077,0.7398512363433838,0.7802919149398804,0.6845715045928955,0.7569028735160828,0.7070446014404297,0.7511784434318542,0.7368865013122559,0.7582456469535828,0.7358172535896301,0.826812207698822,0.70121169090271,0.8040935397148132,0.7226929664611816,0.7973511219024658,0.7477771043777466,0.8046112656593323,0.7355536818504333,0.8639286160469055,0.7145307660102844,0.8394623398780823,0.7342699766159058,0.8370765447616577,0.7540724277496338,0.8429081439971924,0.4670295715332031,0.4501687288284302,0.48886561393737793,0.40267202258110046,0.5038545727729797,0.4030839800834656,0.5162456035614014,0.40436968207359314,0.4445074498653412,0.4054466784000397,0.42958688735961914,0.40710800886154175,0.41644376516342163,0.40913188457489014,0.5420771241188049,0.43425142765045166,0.4056924283504486,0.43981173634529114,0.4996505379676819,0.5039281249046326,0.4378878176212311,0.5090231895446777
6,0,0,0,0,0,0,0,0,0,0,0,0,0,0,0,0,0,0,0,0,0,0,0,0,0,0,0,0,0,0,0,0,0,0,0,0,0,0,0,0,0,0,0.8654174208641052,0.8539223074913025,0.8499748706817627,0.7624855041503906,0.8088231682777405,0.6933011412620544,0.7837866544723511,0.6294541954994202,0.7855855822563171,0.5835920572280884,0.7628065943717957,0.7169182300567627,0.6850088238716125,0.6932632923126221,0.6405057311058044,0.682235836982727,0.6060307025909424,0.6758451461791992,0.7438266277313232,0.7717976570129395,0.6857753992080688,0.7452158331871033,0.7093416452407837,0.7438409328460693,0.7427910566329956,0.7530182600021362,0.7396402359008789,0.8193249702453613,0.7076836824417114,0.7939308285713196,0.7299596071243286,0.7910479307174683,0.7553309798240662,0.7999958395957947,0.7392908334732056,0.858069121837616,0.7241569757461548,0.8292768597602844,0.7446997165679932,0.830379843711853,0.7641331553459167,0.8370264172554016,0.45955005288124084,0.4477853775024414,0.4825935959815979,0.3997596502304077,0.4985930025577545,0.4004187285900116,0.5126284956932068,0.4019337594509125,0.4365350306034088,0.4001557528972626,0.421875,0.4011137783527374,0.4102500081062317,0.4018232226371765,0.5357447862625122,0.432014137506485,0.39834171533584595,0.43245765566825867,0.49286794662475586,0.5033308267593384,0.43083101511001587,0.5061331391334534
6,0,0,0,0,0,0,0,0,0,0,0,0,0,0,0,0,0,0,0,0,0,0,0,0,0,0,0,0,0,0,0,0,0,0,0,0,0,0,0,0,0,0,0.8673478364944458,0.8462687134742737,0.851686954498291,0.7585825324058533,0.8124285340309143,0.6891875267028809,0.7897493839263916,0.6255382299423218,0.7912735342979431,0.5806801319122314,0.7661646008491516,0.7172155976295471,0.6895054578781128,0.6922990083694458,0.6451926231384277,0.6790658831596375,0.6105432510375977,0.6713489294052124,0.7492428421974182,0.7708019614219666,0.6904841065406799,0.7464869022369385,0.7142149209976196,0.7435502409934998,0.7469053268432617,0.7514011263847351,0.7452136874198914,0.8174450397491455,0.7096347808837891,0.7939139008522034,0.73208087682724,0.7890180945396423,0.7580706477165222,0.7970932722091675,0.7444599270820618,0.8543269634246826,0.7236652374267578,0.8271706700325012,0.7440149188041687,0.8257516622543335,0.7641282677650452,0.8316491842269897,0.45944684743881226,0.4408065676689148,0.4824456572532654,0.39389997720718384,0.4982234537601471,0.39535120129585266,0.5117272138595581,0.3972354829311371,0.4371793866157532,0.3928021192550659,0.42236456274986267,0.39314258098602295,0.40975362062454224,0.39375290274620056,0.5357853770256042,0.4284888803958893,0.39800652861595154,0.4223525822162628,0.49028831720352173,0.49853307008743286,0.4298321306705475,0.499749094247818
6,0,0,0,0,0,0,0,0,0,0,0,0,0,0,0,0,0,0,0,0,0,0,0,0,0,0,0,0,0,0,0,0,0,0,0,0,0,0,0,0,0,0,0.861524224281311,0.8661537766456604,0.8457203507423401,0.7790622711181641,0.8086776733398438,0.71153324842453,0.7864609360694885,0.6462332010269165,0.791778028011322,0.5955126285552979,0.7605817317962646,0.7360928058624268,0.6810504794120789,0.7137128114700317,0.6360408663749695,0.6995981931686401,0.6010085940361023,0.6910172700881958,0.7429407238960266,0.787738025188446,0.6827347278594971,0.7644098401069641,0.7061589956283569,0.7622206211090088,0.7389107942581177,0.7715156674385071,0.7381880879402161,0.8351484537124634,0.7012079358100891,0.8166528344154358,0.7231754660606384,0.8112056255340576,0.7493259906768799,0.8184003233909607,0.7375640273094177,0.8730528950691223,0.7163453102111816,0.8507868051528931,0.7362971305847168,0.8484305739402771,0.7560886144638062,0.8542746901512146,0.4653405249118805,0.4404052197933197,0.4867376387119293,0.3931453824043274,0.5015406012535095,0.39424002170562744,0.5133339166641235,0.3956582844257355,0.44205108284950256,0.3940885365009308,0.4270307421684265,0.39506909251213074,0.4127711355686188,0.39654165506362915,0.5381910800933838,0.42589908838272095,0.4003569483757019,0.4260842502117157,0.4959656596183777,0.496308833360672,0.43618911504745483,0.5006762742996216
6,0,0,0,0,0,0,0,0,0,0,0,0,0,0,0,0,0,0,0,0,0,0,0,0,0,0,0,0,0,0,0,0,0,0,0,0,0,0,0,0,0,0,0.8657671809196472,0.8500723838806152,0.8503133654594421,0.762520432472229,0.809631884098053,0.6940619349479675,0.7849469184875488,0.6321325302124023,0.7865903377532959,0.5883947610855103,0.7674127221107483,0.7173311710357666,0.6902630925178528,0.6948488354682922,0.6458685398101807,0.6824895739555359,0.6114639639854431,0.6748777627944946,0.7493998408317566,0.7709429860115051,0.6894121766090393,0.7490622401237488,0.7126545310020447,0.7482810020446777,0.7453909516334534,0.7570915222167969,0.7443007230758667,0.8182733058929443,0.7080664038658142,0.7972355484962463,0.7301515340805054,0.7935319542884827,0.7564929723739624,0.8017085790634155,0.7428397536277771,0.8568307161331177,0.7234082818031311,0.8326348662376404,0.7437483072280884,0.8327136039733887,0.7637302875518799,0.8385112881660461,0.45995602011680603,0.44663918018341064,0.48278847336769104,0.3981957733631134,0.4987994134426117,0.39924106001853943,0.5127292275428772,0.4009607434272766,0.43839630484580994,0.40008634328842163,0.4243299067020416,0.40171417593955994,0.4117545485496521,0.40363505482673645,0.5400077104568481,0.43072065711021423,0.40195193886756897,0.4336117208003998,0.49429211020469666,0.5035437345504761,0.43446865677833557,0.5053997039794922
